text,category
"Something felt off about the whole exchange for the laptop, though I cannot pin down one issue. I would not want to deal with this seller again.",other
I still have not received the guitar despite multiple promises. No explanation was given for the no-show. I would like this looked into.,delivery_issue
The amount charged for the calculator does not match what was listed. I should not have to pay twice for the same item. I would like this looked into.,payment_issue
The seller never showed up for the handover we agreed on. This is the third time the pickup has fallen through. I am requesting a review of this transaction.,delivery_issue
The seller never showed up for the handover we agreed on. They keep saying tomorrow but nothing ever happens. I would like this looked into.,delivery_issue
"After a confusing back-and-forth about where to meet, the phone I received was scratched and not as described.",misdescribed_item
"The seller argued with me about the price, and once I got the jacket it was a completely different colour.",misdescribed_item
I received the mattress and it does not match the description at all. Several parts are missing that were supposed to be included. Please help resolve this.,misdescribed_item
"I am not happy with the seller's attitude, separate from the fact the fridge took a while to hand over.",other
the speaker is not the same model shown in the listing photos. The colour is completely different from the pictures. Please help resolve this.,misdescribed_item
the monitor is not the same model shown in the listing photos. It is scratched all over and clearly used before. I would like this looked into.,misdescribed_item
The seller's attitude regarding the chair was unprofessional. I am filing this mostly to flag the poor conduct. I am requesting a review of this transaction.,other
I was asked to pay again for the chair even though I already paid once. I should not have to pay twice for the same item.,payment_issue
"I am disputing the amount charged for the speaker, which also did not turn on when I tested it.",payment_issue
I paid for the shoes but have not received a refund after it fell through. The refund was promised within two days but never came. I am requesting a review of this transaction.,payment_issue
"Something felt off about the whole exchange for the laptop, though I cannot pin down one issue. It just did not feel like a fair or normal transaction. Please help resolve this.",other
"The seller was dismissive when I mentioned the jacket looked slightly different, but it was still wearable.",other
I have been waiting for the chair for over a week with no update. I am worried this was never going to be delivered at all. Please help resolve this.,delivery_issue
I was asked to pay again for the desk lamp even though I already paid once. They are refusing to explain the extra charge. I hope this can be sorted out quickly.,payment_issue
the bicycle is not the same model shown in the listing photos. Several parts are missing that were supposed to be included.,misdescribed_item
"The seller was extremely rude during our conversation about the calculator. Nothing specific went wrong, but the experience was unpleasant. I am requesting a review of this transaction.",other
"The seller described the tablet as brand new, but it looks used. It does not turn on, even though the seller said it works fine. I hope this can be sorted out quickly.",misdescribed_item
I was asked to pay again for the mini fridge even though I already paid once. This is not what we agreed on at all. I am requesting a review of this transaction.,payment_issue
I received the mattress and it does not match the description at all. The colour is completely different from the pictures. Please help resolve this.,misdescribed_item
I have been waiting for the bicycle for over a week with no update. They keep saying tomorrow but nothing ever happens. I hope this can be sorted out quickly.,delivery_issue
"I was told the headphones had no issues, which is not true. There are stains and a bad smell that were not disclosed.",misdescribed_item
The seller is now asking for more money than we agreed for the kettle. I want my money back since the deal did not go through. I would like this looked into.,payment_issue
I have a general complaint about how the bicycle was handled that does not fit elsewhere. Communication was vague and unhelpful the whole time. I am requesting a review of this transaction.,other
the phone arrived in much worse shape than the photos showed. There is a large crack that was never mentioned. I would like this looked into.,misdescribed_item
I have a general complaint about how the printer was handled that does not fit elsewhere. I am filing this mostly to flag the poor conduct. Please help resolve this.,other
The seller will not refund my deposit for the printer. I should not have to pay twice for the same item. I hope this can be sorted out quickly.,payment_issue
I am not happy with how this transaction for the monitor was handled overall. They argued with me instead of trying to resolve anything. I would like this looked into.,other
I still have not received the jacket despite multiple promises. It has been days and I cannot get a response. I hope this can be sorted out quickly.,delivery_issue
The seller was extremely rude during our conversation about the chair. Communication was vague and unhelpful the whole time. I hope this can be sorted out quickly.,other
There was a general communication problem throughout this sale of the phone. I am filing this mostly to flag the poor conduct.,other
"the shoes is not the same model shown in the listing photos. It does not turn on, even though the seller said it works fine.",misdescribed_item
We arranged to meet for the shoes but the seller cancelled at the last minute. They changed the meeting location twice without warning. I hope this can be sorted out quickly.,delivery_issue
The amount charged for the kettle does not match what was listed. I want my money back since the deal did not go through. I am requesting a review of this transaction.,payment_issue
The seller is now asking for more money than we agreed for the chair. The listed price and the price they are asking for are very different. I would like this looked into.,payment_issue
The seller's attitude regarding the mini fridge was unprofessional. They argued with me instead of trying to resolve anything. I would like this looked into.,other
The price for the bicycle suddenly changed after I had already reserved it. I should not have to pay twice for the same item. I am requesting a review of this transaction.,payment_issue
The seller rescheduled our meet-up three times and never showed. I took time off to meet them and they just did not come. I hope this can be sorted out quickly.,delivery_issue
The seller's attitude regarding the bicycle was unprofessional. I would not want to deal with this seller again. I would like this looked into.,other
I have been waiting for the jacket for over a week with no update. I have messaged them five times with no reply. I hope this can be sorted out quickly.,delivery_issue
the shoes is not the same model shown in the listing photos. Several parts are missing that were supposed to be included. I am requesting a review of this transaction.,misdescribed_item
"The listing said the monitor was in excellent condition, but it clearly is not. It is scratched all over and clearly used before. Please help resolve this.",misdescribed_item
We arranged to meet for the shoes but the seller cancelled at the last minute. This is the third time the pickup has fallen through.,delivery_issue
The price for the headphones suddenly changed after I had already reserved it. This is not what we agreed on at all. I hope this can be sorted out quickly.,payment_issue
"The seller described the microwave as brand new, but it looks used. There is a large crack that was never mentioned.",misdescribed_item
I paid for the chair but have not received a refund after it fell through. I have proof of the original agreed price. I am requesting a review of this transaction.,payment_issue
"The listing said the laptop was in excellent condition, but it clearly is not. The colour is completely different from the pictures. Please help resolve this.",misdescribed_item
The seller stopped replying to my messages after I reserved the headphones. I took time off to meet them and they just did not come. I would like this looked into.,delivery_issue
I have a general complaint about how the jacket was handled that does not fit elsewhere. The tone of every message was disrespectful. I hope this can be sorted out quickly.,other
The amount charged for the laptop does not match what was listed. I should not have to pay twice for the same item. I am requesting a review of this transaction.,payment_issue
the bicycle arrived in much worse shape than the photos showed. Several parts are missing that were supposed to be included. I hope this can be sorted out quickly.,misdescribed_item
"I am not happy with how this transaction for the kettle was handled overall. Nothing specific went wrong, but the experience was unpleasant. I hope this can be sorted out quickly.",other
I have been waiting for the headphones for over a week with no update. I have messaged them five times with no reply. I hope this can be sorted out quickly.,delivery_issue
The seller will not refund my deposit for the microwave. I have proof of the original agreed price. I would like this looked into.,payment_issue
The seller will not refund my deposit for the tablet. I should not have to pay twice for the same item. I hope this can be sorted out quickly.,payment_issue
"The seller's attitude regarding the mini fridge was unprofessional. Nothing specific went wrong, but the experience was unpleasant. I would like this looked into.",other
We arranged to meet for the phone but the seller cancelled at the last minute. They keep saying tomorrow but nothing ever happens. Please help resolve this.,delivery_issue
The price for the shoes suddenly changed after I had already reserved it. The listed price and the price they are asking for are very different. Please help resolve this.,payment_issue
The seller was extremely rude during our conversation about the phone. I would not want to deal with this seller again. Please help resolve this.,other
I was asked to pay again for the monitor even though I already paid once. I want my money back since the deal did not go through. Please help resolve this.,payment_issue
There was a general communication problem throughout this sale of the backpack. They were dismissive whenever I asked questions.,other
"The textbook was missing pages, and on top of that the seller was rude when I brought it up.",misdescribed_item
There was a general communication problem throughout this sale of the phone. Communication was vague and unhelpful the whole time. I would like this looked into.,other
I paid for the mini fridge but have not received a refund after it fell through. This feels like an attempt to overcharge me.,payment_issue
The seller never showed up for the handover we agreed on. This is the third time the pickup has fallen through. Please help resolve this.,delivery_issue
I still have not received the headphones despite multiple promises. I have messaged them five times with no reply. I would like this looked into.,delivery_issue
"I received the printer and it does not match the description at all. It does not turn on, even though the seller said it works fine.",misdescribed_item
The seller rescheduled our meet-up three times and never showed. This is the third time the pickup has fallen through. Please help resolve this.,delivery_issue
"The seller described the speaker as brand new, but it looks used. Several parts are missing that were supposed to be included.",misdescribed_item
"I was told the headphones had no issues, which is not true. The colour is completely different from the pictures. I would like this looked into.",misdescribed_item
I have been waiting for the monitor for over a week with no update. They keep saying tomorrow but nothing ever happens. I would like this looked into.,delivery_issue
I am not happy with how this transaction for the kettle was handled overall. I am filing this mostly to flag the poor conduct. Please help resolve this.,other
The seller never showed up for the handover we agreed on. No explanation was given for the no-show. Please help resolve this.,delivery_issue
I received the printer and it does not match the description at all. The colour is completely different from the pictures.,misdescribed_item
The seller is now asking for more money than we agreed for the microwave. I have proof of the original agreed price. I would like this looked into.,payment_issue
the textbook is not the same model shown in the listing photos. It is scratched all over and clearly used before. I hope this can be sorted out quickly.,misdescribed_item
I paid for the backpack but have not received a refund after it fell through. I should not have to pay twice for the same item. I am requesting a review of this transaction.,payment_issue
I still have not received the kettle despite multiple promises. It has been days and I cannot get a response.,delivery_issue
"The whole exchange for the calculator was unpleasant, on top of it arriving a bit later than agreed.",other
There was a general communication problem throughout this sale of the desk lamp. They were dismissive whenever I asked questions. I hope this can be sorted out quickly.,other
There was a general communication problem throughout this sale of the textbook. I am filing this mostly to flag the poor conduct. Please help resolve this.,other
The seller's attitude regarding the textbook was unprofessional. They were dismissive whenever I asked questions. I hope this can be sorted out quickly.,other
I have been waiting for the monitor for over a week with no update. I took time off to meet them and they just did not come. I hope this can be sorted out quickly.,delivery_issue
I was asked to pay again for the microwave even though I already paid once. I have proof of the original agreed price. I am requesting a review of this transaction.,payment_issue
the headphones arrived in much worse shape than the photos showed. The colour is completely different from the pictures. I would like this looked into.,misdescribed_item
"I have a general complaint about how the headphones was handled that does not fit elsewhere. Nothing specific went wrong, but the experience was unpleasant.",other
I received the chair and it does not match the description at all. The size is wrong compared to what was advertised. I hope this can be sorted out quickly.,misdescribed_item
There was a general communication problem throughout this sale of the phone. I would not want to deal with this seller again.,other
"I was overcharged for the mattress, which also arrived looking more worn than the listing suggested.",payment_issue
The price for the speaker suddenly changed after I had already reserved it. I should not have to pay twice for the same item. I would like this looked into.,payment_issue
"The bicycle they eventually handed over, after cancelling twice, had a different frame than advertised.",misdescribed_item
The seller stopped replying to my messages after I reserved the phone. No explanation was given for the no-show.,delivery_issue
"I was told the chair had no issues, which is not true. The colour is completely different from the pictures. I would like this looked into.",misdescribed_item
The seller rescheduled our meet-up three times and never showed. They keep saying tomorrow but nothing ever happens. I am requesting a review of this transaction.,delivery_issue
I paid for the textbook but have not received a refund after it fell through. They are refusing to explain the extra charge. Please help resolve this.,payment_issue
There was a general communication problem throughout this sale of the chair. It just did not feel like a fair or normal transaction. I am requesting a review of this transaction.,other
The seller rescheduled our meet-up three times and never showed. No explanation was given for the no-show. Please help resolve this.,delivery_issue
I was asked to pay again for the laptop even though I already paid once. This is not what we agreed on at all. I am requesting a review of this transaction.,payment_issue
I have been waiting for the backpack for over a week with no update. I took time off to meet them and they just did not come. Please help resolve this.,delivery_issue
The seller will not refund my deposit for the monitor. They are refusing to explain the extra charge.,payment_issue
"I was told the desk lamp had no issues, which is not true. The size is wrong compared to what was advertised. I would like this looked into.",misdescribed_item
I still have not received the calculator despite multiple promises. They keep saying tomorrow but nothing ever happens. I hope this can be sorted out quickly.,delivery_issue
"I was told the laptop had no issues, which is not true. It does not turn on, even though the seller said it works fine. I hope this can be sorted out quickly.",misdescribed_item
The seller will not refund my deposit for the monitor. I want my money back since the deal did not go through. I would like this looked into.,payment_issue
"I was told the mattress had no issues, which is not true. There are stains and a bad smell that were not disclosed. I am requesting a review of this transaction.",misdescribed_item
The seller's attitude regarding the backpack was unprofessional. The tone of every message was disrespectful. I hope this can be sorted out quickly.,other
The amount charged for the desk lamp does not match what was listed. The listed price and the price they are asking for are very different.,payment_issue
"I was told the mini fridge had no issues, which is not true. The size is wrong compared to what was advertised. Please help resolve this.",misdescribed_item
The seller never showed up for the handover we agreed on. This is the third time the pickup has fallen through.,delivery_issue
There was a general communication problem throughout this sale of the mattress. Communication was vague and unhelpful the whole time. I would like this looked into.,other
The seller never showed up for the handover we agreed on. I have messaged them five times with no reply. I hope this can be sorted out quickly.,delivery_issue
I paid a deposit for the desk lamp but the seller has gone silent and never arranged a handover.,delivery_issue
I have a general complaint about how the guitar was handled that does not fit elsewhere. They were dismissive whenever I asked questions.,other
The seller will not refund my deposit for the mattress. The listed price and the price they are asking for are very different. I hope this can be sorted out quickly.,payment_issue
the calculator arrived in much worse shape than the photos showed. It is scratched all over and clearly used before. I am requesting a review of this transaction.,misdescribed_item
I was asked to pay again for the phone even though I already paid once. I want my money back since the deal did not go through. Please help resolve this.,payment_issue
The seller wanted extra money before they would even agree on a meet-up time for the kettle.,delivery_issue
I have been waiting for the textbook for over a week with no update. This is the third time the pickup has fallen through. I hope this can be sorted out quickly.,delivery_issue
The seller stopped replying to my messages after I reserved the guitar. They keep saying tomorrow but nothing ever happens. I am requesting a review of this transaction.,delivery_issue
The seller cancelled the handover for the tablet after I raised concerns about the condition in photos.,delivery_issue
"The seller described the headphones as brand new, but it looks used. There are stains and a bad smell that were not disclosed. Please help resolve this.",misdescribed_item
The seller never showed up for the handover we agreed on. This is the third time the pickup has fallen through. I hope this can be sorted out quickly.,delivery_issue
The seller's attitude regarding the textbook was unprofessional. I am filing this mostly to flag the poor conduct.,other
I was asked to pay again for the shoes even though I already paid once. I want my money back since the deal did not go through. I hope this can be sorted out quickly.,payment_issue
I am not happy with how this transaction for the desk lamp was handled overall. I would not want to deal with this seller again. I am requesting a review of this transaction.,other
"The monitor did not match the listing, and the seller also tried to charge me more at pickup.",misdescribed_item
"The chair pickup fell through three times, and each time the seller mentioned wanting a higher price.",delivery_issue
I received the printer and it does not match the description at all. The colour is completely different from the pictures. I would like this looked into.,misdescribed_item
"The listing said the calculator was in excellent condition, but it clearly is not. It does not turn on, even though the seller said it works fine. Please help resolve this.",misdescribed_item
I still have not received the textbook despite multiple promises. They keep saying tomorrow but nothing ever happens. I would like this looked into.,delivery_issue
I have been waiting for the speaker for over a week with no update. It has been days and I cannot get a response. I hope this can be sorted out quickly.,delivery_issue
"The seller wants more money for the backpack now, and also keeps rescheduling the pickup.",payment_issue
the speaker is not the same model shown in the listing photos. There is a large crack that was never mentioned. I hope this can be sorted out quickly.,misdescribed_item
The seller was extremely rude during our conversation about the jacket. They were dismissive whenever I asked questions. I would like this looked into.,other
I was asked to pay again for the backpack even though I already paid once. This is not what we agreed on at all. I am requesting a review of this transaction.,payment_issue
I paid for the guitar but have not received a refund after it fell through. The listed price and the price they are asking for are very different.,payment_issue
The amount charged for the jacket does not match what was listed. This is not what we agreed on at all.,payment_issue
The seller is now asking for more money than we agreed for the kettle. This is not what we agreed on at all. I hope this can be sorted out quickly.,payment_issue
The seller rescheduled our meet-up three times and never showed. It has been days and I cannot get a response.,delivery_issue
We arranged to meet for the phone but the seller cancelled at the last minute. I took time off to meet them and they just did not come. I am requesting a review of this transaction.,delivery_issue
The seller's attitude regarding the monitor was unprofessional. They argued with me instead of trying to resolve anything. Please help resolve this.,other
The seller is now asking for more money than we agreed for the bicycle. I want my money back since the deal did not go through. I am requesting a review of this transaction.,payment_issue
the headphones arrived in much worse shape than the photos showed. The colour is completely different from the pictures. I hope this can be sorted out quickly.,misdescribed_item
"The refund for the printer has not come through, and the seller has also stopped replying about pickup.",payment_issue
I have a general complaint about how the guitar was handled that does not fit elsewhere. Communication was vague and unhelpful the whole time. I am requesting a review of this transaction.,other
There was a general communication problem throughout this sale of the mini fridge. I would not want to deal with this seller again. I would like this looked into.,other
The seller's attitude regarding the laptop was unprofessional. They argued with me instead of trying to resolve anything. Please help resolve this.,other
the desk lamp is not the same model shown in the listing photos. Several parts are missing that were supposed to be included. I would like this looked into.,misdescribed_item
There was a general communication problem throughout this sale of the guitar. They argued with me instead of trying to resolve anything. Please help resolve this.,other
"The seller was rude when I asked about the price of the microwave, though the item itself was fine.",other
"The listing said the tablet was in excellent condition, but it clearly is not. The size is wrong compared to what was advertised. I am requesting a review of this transaction.",misdescribed_item
We arranged to meet for the kettle but the seller cancelled at the last minute. They changed the meeting location twice without warning. I am requesting a review of this transaction.,delivery_issue
I have a general complaint about how the guitar was handled that does not fit elsewhere. They were dismissive whenever I asked questions. Please help resolve this.,other
There was a general communication problem throughout this sale of the speaker. Communication was vague and unhelpful the whole time. I hope this can be sorted out quickly.,other
The seller will not refund my deposit for the bicycle. The listed price and the price they are asking for are very different. Please help resolve this.,payment_issue
"I was told the guitar had no issues, which is not true. There are stains and a bad smell that were not disclosed. Please help resolve this.",misdescribed_item
The seller never showed up for the handover we agreed on. I took time off to meet them and they just did not come. I would like this looked into.,delivery_issue
the speaker is not the same model shown in the listing photos. The size is wrong compared to what was advertised. Please help resolve this.,misdescribed_item
There was a general communication problem throughout this sale of the guitar. I am filing this mostly to flag the poor conduct. I hope this can be sorted out quickly.,other
"Something felt off about the whole exchange for the textbook, though I cannot pin down one issue. They argued with me instead of trying to resolve anything.",other
The seller was extremely rude during our conversation about the mini fridge. I would not want to deal with this seller again.,other
"I would not deal with this seller again, mostly because of how they spoke to me during the handover delay.",other
"the textbook is not the same model shown in the listing photos. It does not turn on, even though the seller said it works fine. I hope this can be sorted out quickly.",misdescribed_item
The seller will not refund my deposit for the desk lamp. I have proof of the original agreed price. I am requesting a review of this transaction.,payment_issue
I have been waiting for the shoes for over a week with no update. They changed the meeting location twice without warning. Please help resolve this.,delivery_issue
The seller stopped replying to my messages after I reserved the headphones. They keep saying tomorrow but nothing ever happens.,delivery_issue
"The guitar was never delivered, and the seller is now asking for the payment to be sent again first.",delivery_issue
the textbook is not the same model shown in the listing photos. The size is wrong compared to what was advertised.,misdescribed_item
I still have not received the shoes despite multiple promises. This is the third time the pickup has fallen through.,delivery_issue
The price for the microwave suddenly changed after I had already reserved it. I have proof of the original agreed price. I would like this looked into.,payment_issue
There was a general communication problem throughout this sale of the mini fridge. The tone of every message was disrespectful. I hope this can be sorted out quickly.,other
I am not happy with how this transaction for the chair was handled overall. I am filing this mostly to flag the poor conduct. I am requesting a review of this transaction.,other
The seller never showed up for the handover we agreed on. I am worried this was never going to be delivered at all. I would like this looked into.,delivery_issue
The laptop the seller finally brought after being three days late was also not the model listed.,misdescribed_item
"Something felt off about the whole exchange for the desk lamp, though I cannot pin down one issue. The tone of every message was disrespectful. Please help resolve this.",other
the printer is not the same model shown in the listing photos. The colour is completely different from the pictures.,misdescribed_item
I was asked to pay again for the bicycle even though I already paid once. I have proof of the original agreed price. I am requesting a review of this transaction.,payment_issue
the printer arrived in much worse shape than the photos showed. There is a large crack that was never mentioned. I hope this can be sorted out quickly.,misdescribed_item
I still have not received the guitar despite multiple promises. They keep saying tomorrow but nothing ever happens. I hope this can be sorted out quickly.,delivery_issue
"The seller described the jacket as brand new, but it looks used. It is scratched all over and clearly used before. I am requesting a review of this transaction.",misdescribed_item
"I was told the phone had no issues, which is not true. The colour is completely different from the pictures. I would like this looked into.",misdescribed_item
"Communication was poor throughout, and there was a small mix-up over the pickup time as well.",other
I have been waiting for the kettle for over a week with no update. This is the third time the pickup has fallen through.,delivery_issue
"The listing said the bicycle was in excellent condition, but it clearly is not. There are stains and a bad smell that were not disclosed.",misdescribed_item
The price for the laptop suddenly changed after I had already reserved it. The listed price and the price they are asking for are very different. I am requesting a review of this transaction.,payment_issue
"The seller described the speaker as brand new, but it looks used. Several parts are missing that were supposed to be included. Please help resolve this.",misdescribed_item
the bicycle arrived in much worse shape than the photos showed. It is a much older model than what was listed. I am requesting a review of this transaction.,misdescribed_item
The seller's attitude regarding the kettle was unprofessional. The tone of every message was disrespectful. I am requesting a review of this transaction.,other
I was asked to pay again for the textbook even though I already paid once. I should not have to pay twice for the same item. I would like this looked into.,payment_issue
"The listing said the calculator was in excellent condition, but it clearly is not. The size is wrong compared to what was advertised.",misdescribed_item
There was a general communication problem throughout this sale of the microwave. I am filing this mostly to flag the poor conduct. I would like this looked into.,other
The seller will not refund my deposit for the desk lamp. The refund was promised within two days but never came.,payment_issue
The seller never showed up for the handover we agreed on. They changed the meeting location twice without warning. I would like this looked into.,delivery_issue
The seller rescheduled our meet-up three times and never showed. They keep saying tomorrow but nothing ever happens. I would like this looked into.,delivery_issue
I paid for the headphones but have not received a refund after it fell through. The listed price and the price they are asking for are very different. I hope this can be sorted out quickly.,payment_issue
The seller stopped replying to my messages after I reserved the desk lamp. I have messaged them five times with no reply. I am requesting a review of this transaction.,delivery_issue
"The seller asked me to pay again for the shoes, and separately the pair sent was the wrong size.",payment_issue
The deposit for the mini fridge was never refunded after the seller missed our third meet-up.,payment_issue
We arranged to meet for the backpack but the seller cancelled at the last minute. I am worried this was never going to be delivered at all. I hope this can be sorted out quickly.,delivery_issue
The amount charged for the desk lamp does not match what was listed. The listed price and the price they are asking for are very different. I am requesting a review of this transaction.,payment_issue
"There was a general communication problem throughout this sale of the microwave. Nothing specific went wrong, but the experience was unpleasant. I hope this can be sorted out quickly.",other
"After I paid, the seller kept postponing the handover of the headphones and now is not responding.",delivery_issue
I was asked to pay again for the mini fridge even though I already paid once. I should not have to pay twice for the same item. I hope this can be sorted out quickly.,payment_issue
The seller was extremely rude during our conversation about the shoes. The tone of every message was disrespectful. I would like this looked into.,other
The seller is now asking for more money than we agreed for the shoes. The listed price and the price they are asking for are very different. Please help resolve this.,payment_issue
The seller will not refund my deposit for the mattress. They are refusing to explain the extra charge. Please help resolve this.,payment_issue
We arranged to meet for the calculator but the seller cancelled at the last minute. They changed the meeting location twice without warning. I hope this can be sorted out quickly.,delivery_issue
"Something felt off about the whole exchange for the shoes, though I cannot pin down one issue. Communication was vague and unhelpful the whole time. I would like this looked into.",other
The seller will not refund my deposit for the kettle. I want my money back since the deal did not go through. I am requesting a review of this transaction.,payment_issue
"The seller described the monitor as brand new, but it looks used. It is a much older model than what was listed. Please help resolve this.",misdescribed_item
The seller never showed up for the handover we agreed on. It has been days and I cannot get a response. I would like this looked into.,delivery_issue
the textbook arrived in much worse shape than the photos showed. Several parts are missing that were supposed to be included. I am requesting a review of this transaction.,misdescribed_item
The seller stopped replying to my messages after I reserved the mini fridge. It has been days and I cannot get a response. Please help resolve this.,delivery_issue
The seller is now asking for more money than we agreed for the laptop. I should not have to pay twice for the same item. Please help resolve this.,payment_issue
There was a general communication problem throughout this sale of the jacket. I would not want to deal with this seller again.,other
"I was told the laptop had no issues, which is not true. Several parts are missing that were supposed to be included. I hope this can be sorted out quickly.",misdescribed_item
